nom,prix,description,categories,calories,proteines,lipides,glucides
Whey Isolate Protein,54.99,High quality whey protein isolate for muscle recovery.,1,120,25,1,2
Vegan Multivitamins,24.99,Essential vitamins for plant-based diets.,2,0,0,0,0
Omega-3 Fish Oil,19.99,Supports heart and brain health.,2,20,0,2,0
Creatine Monohydrate,29.99,Pure creatine for strength and power.,1,0,0,0,0
Pre-Workout Spark,39.99,Energy and focus for intense workouts.,3,15,0,0,4
Casein Night Protein,49.99,Slow-digesting protein for overnight recovery.,1,130,24,1,3
Magnesium Complex,18.50,Supports muscle function and sleep.,2,0,0,0,0
BCAA Recovery,34.99,Branched-chain amino acids for reduced soreness.,1,10,2,0,1
Vitamin D3 Softgels,14.99,Supports bone health and immunity.,2,10,0,1,0
Iron Supplement,12.50,Essential for oxygen transport in the blood.,2,0,0,0,0
Ashwagandha Extract,22.00,Adaptogen for stress management.,3,0,0,0,0
Glutamine Powder,27.50,Supports gut health and immune system.,1,0,0,0,0
ZMA Capsule,21.99,Supports sleep and hormonal balance.,2,0,0,0,0
electrolyte mix,15.99,Hydration support for intense training.,3,35,0,0,9
Grass-fed Collagen,38.00,Supports joint and skin health.,2,40,10,0,0
